{
  "$schema": "https://schema.management.azure.com/schemas/2019-04-01/deploymentTemplate.json#",
  "contentVersion": "1.0.0.0",
  "parameters": {
    "vmSize": {
      "type": "string",
      "defaultValue": "Standard_D3_v2",
      "metadata": {
        "description": "The Azure instance type to use for the VM. For a list of instance types, see [Sizes for virtual machines in Azure](https://docs.microsoft.com/en-us/azure/virtual-machines/sizes)."
      }
    },
    "clientIPAddresses": {
      "type": "string",
      "defaultValue": "",
      "metadata": {
        "description": "The IP address range that can be used to access the VM. This must be a valid IP CIDR range of the form x.x.x.x/x. Use the value &lt;your_public_ip_address&gt;/32 to restrict access to only your computer."
      }
    },
    "adminUsername": {
      "type": "string",
      "defaultValue": "ubuntu",
      "metadata": {
        "description": "Admin username for the VM running MATLAB. To avoid any deployment errors, check the list of [disallowed values](https://docs.microsoft.com/en-us/rest/api/compute/virtual-machines/create-or-update?tabs=HTTP#osprofile) for adminUsername."
      }
    },
    "adminPassword": {
      "type": "securestring",
      "defaultValue": "",
      "metadata": {
        "description": "Choose the password for the admin username. This password is required when logging in remotely to the instance. For the deployment to succeed, your password must meet [Azure's password requirements](https://docs.microsoft.com/en-us/azure/virtual-machines/linux/faq#what-are-the-password-requirements-when-creating-a-vm-)."
      }
    },
    "subnetName": {
      "type": "string",
      "defaultValue": "default",
      "metadata": {
        "description": "Name of the subnet."
      }
    },
    "autoShutdown": {
      "defaultValue": "Never",
      "type": "string",
      "metadata": {
        "description": "Select the duration after which the VM should be automatically shut down post launch."
      }
    },
    "accessProtocol": {
      "type": "string",
      "metadata": {
        "description": "Access protocol to connect to this VM. Selecting 'NICE DCV' will enable [NICE DCV](https://aws.amazon.com/hpc/dcv/) using a 30-days demo license (unless a production license is provided). You can access the desktop on a browser using the NICE DCV connection URL in the Outputs section of the deployment page once the resource group is successfully deployed. By using NICE DCV, you agree to the terms and conditions outlined in [NICE DCV End User License Agreement](https://www.nice-dcv.com/eula.html). If you select 'RDP', NICE DCV will not be enabled, and you can connect to this VM using a RDP connection."
      },
      "defaultValue": "RDP",
      "allowedValues": [
        "RDP",
        "NICE DCV"
      ]
    },
    "niceDcvLicenseServer": {
      "defaultValue": "",
      "type": "String",
      "metadata": {
        "description": "If you have selected NICE DCV as the remote access protocol and have a production license, use this optional parameter to specify the NICE DCV license server's port and hostname (or IP address) in the form of port@hostname. This field must be left blank if you have opted to use RDP or want to use NICE DCV with a demo license."
      }
    },
    "matlabLicenseServer": {
      "defaultValue": "",
      "type": "String",
      "metadata": {
        "description": "Optional License Manager for MATLAB, specified as a string in the form port@hostname. If you do not provide this string, MATLAB uses online licensing. If you provide this string, ensure that the license manager is accessible from the specified virtual network and subnets. For more information, see [Network License Manager for MATLAB on Microsoft Azure](https://github.com/mathworks-ref-arch/license-manager-for-matlab-on-azure)."
      }
    },
    "optionalUserCommand": {
      "defaultValue": "",
      "type": "String",
      "metadata": {
        "description": "Provide an optional inline shell command to run on machine launch. For example, to set an environment variable CLOUD=AZURE, use this command excluding the angle brackets: &lt;echo -e \"export CLOUD=AZURE\" &#124; sudo tee -a /etc/profile.d/setenvvar.sh && source /etc/profile&gt;. To run an external script, use this command excluding the angle brackets: &lt;wget -O /tmp/my-script.sh \"https://example.com/script.sh\" && bash /tmp/my-script.sh&gt;. Find the logs at '/var/log/mathworks/startup.log'."
      }
    },
    "location": {
      "type": "string",
      "defaultValue": "[resourceGroup().location]",
      "metadata": {
        "description": "Location for the resources."
      }
    },
    "vmName": {
      "type": "string",
      "defaultValue": "matlab",
      "metadata": {
        "description": "Name of the VM."
      }
    },
    "newOrExistingVirtualNetwork": {
      "type": "string",
      "defaultValue": "new",
      "metadata": {
        "description": "Determines whether a new or existing virtual network should be provisioned."
      }
    },
    "virtualNetworkName": {
      "type": "string",
      "defaultValue": "VirtualNetwork",
      "metadata": {
        "description": "Name of the virtual network."
      }
    },
    "addressPrefixes": {
      "type": "array",
      "defaultValue": [
        "10.0.0.0/16"
      ],
      "metadata": {
        "description": "Address prefix of the virtual network."
      }
    },
    "subnetPrefix": {
      "type": "string",
      "defaultValue": "10.0.0.0/24",
      "metadata": {
        "description": "Subnet prefix of the virtual network."
      }
    },
    "virtualNetworkResourceGroupName": {
      "type": "string",
      "defaultValue": "[resourceGroup().name]",
      "metadata": {
        "description": "Name of the resource group for the existing virtual network."
      }
    },
    "publicIpNewOrExisting": {
      "type": "string",
      "defaultValue": "new",
      "metadata": {
        "description": "Determines whether a new or existing public IP should be provisioned."
      }
    },
    "publicIpName": {
      "type": "string",
      "defaultValue": "PublicIp",
      "metadata": {
        "description": "Name of the public IP address."
      }
    },
    "publicIpDns": {
      "type": "string",
      "defaultValue": "[concat('linux-vm-', uniqueString(resourceGroup().id))]",
      "metadata": {
        "description": "DNS of the public IP address for the VM."
      }
    },
    "publicIpResourceGroupName": {
      "type": "string",
      "defaultValue": "[resourceGroup().name]",
      "metadata": {
        "description": "Name of the resource group for the public IP address."
      }
    },
    "publicIpAllocationMethod": {
      "type": "string",
      "defaultValue": "Dynamic",
      "allowedValues": [
        "Dynamic",
        "Static"
      ],
      "metadata": {
        "description": "Allocation method for the public IP address."
      }
    },
    "publicIpSku": {
      "type": "string",
      "defaultValue": "Basic",
      "allowedValues": [
        "Basic",
        "Standard"
      ],
      "metadata": {
        "description": "Name of the resource group for the public IP address."
      }
    },
    "_artifactsLocation": {
      "type": "string",
      "metadata": {
        "description": "The base URI where artifacts required by this template are located including a trailing '/'"
      },
      "defaultValue": "[deployment().properties.templateLink.uri]"
    },
    "_artifactsLocationSasToken": {
      "type": "securestring",
      "metadata": {
        "description": "The sasToken required to access _artifactsLocation.  When the template is deployed using the accompanying scripts, a sasToken will be automatically generated. Use the defaultValue if the staging location is not secured."
      },
      "defaultValue": ""
    }
  },
  "variables": {
    "prefix": "matlab",
    "addressPrefix": "[parameters('addressPrefixes')]",
    "subnetPrefix": "[parameters('subnetPrefix')]",
    "adminUsername": "[parameters('adminUsername')]",
    "newOrExistingVirtualNetwork": "[parameters('newOrExistingVirtualNetwork')]",
    "virtualNetworkName": "[parameters('virtualNetworkName')]",
    "subnetName": "[parameters('subnetName')]",
    "userDataScript": [
      "#!/usr/bin/env bash",
      "# Copyright 2023 The MathWorks, Inc.",
      "",
      "STARTUP_FOLDER=/opt/mathworks/startup",
      "# Load startup variables",
      "if [[ -r ${STARTUP_FOLDER}/.env ]]; then",
      "    set -o allexport",
      "    source ${STARTUP_FOLDER}/.env",
      "    set +o allexport",
      "fi",
      "",
      "# Define startup parameters",
      "[concat('export MLM_LICENSE_FILE=', parameters('matlabLicenseServer'))]",
      "[concat('export ACCESS_PROTOCOL=', '''', parameters('accessProtocol'), '''')]",
      "[concat('export USERNAME=', parameters('adminUsername'))]",
      "[concat('export NICE_DCV_LICENSE_SERVER=', parameters('niceDcvLicenseServer'))]",
      "[concat('export OPTIONAL_USER_COMMAND=', '''', parameters('optionalUserCommand'), '''')]",
      "",
      "# Run startup scripts",
      "mkdir -p /var/log/mathworks",
      "run-parts --verbose --exit-on-error --regex '^[0-9]+_.+$' ${STARTUP_FOLDER} >> /var/log/mathworks/startup.log 2>&1"
    ],
    "networkSecurityGroupName": "[concat(variables('prefix'), '-rdp-nsg')]",
    "publicIp": "[parameters('publicIpName')]",
    "nicName": "[concat(variables('prefix'), '-nic')]",
    "vmName": "[parameters('vmName')]",
    "hostName": "matlabvm",
    "providerID": "pid-cac3e06f-bd25-4b54-bb42-85f14829ea44-partnercenter",
    "tagsForAll": {
      "provider": "[variables('providerID')]"
    },
    "publisher": "mathworks-inc",
    "offer": "matlab-ref-arch-18a-v1-linux-disk",
    "sku": "matlab-ref-arch-r2024a-vm-linux-sku",
    "version": "1.0.3",
    "functionAppName": "[concat('mw-autoshutdownapp', uniqueString(resourceGroup().id))]",
    "runtimeStack": "powershell",
    "storageAccountName": "[concat('appstorage', uniquestring(resourceGroup().id))]",
    "appInsightsName": "[concat('mw-appinsights',uniqueString(resourceGroup().id))]",
    "appInsightsWorkspace": "[concat('mw-appworkspace',uniqueString(resourceGroup().id))]",
    "roleName": "[concat('customroleforfunctionapp',uniqueString(resourceGroup().name))]",
    "roleDefinitionId": "[guid(subscription().subscriptionId,variables('roleName'))]",
    "zipUrl": "[uri(parameters('_artifactsLocation'), concat('artifacts/mw-functionapp-files.zip', parameters('_artifactsLocationSasToken')))]",
    "publicIPAddressId": "[resourceId(parameters('publicIpResourceGroupName'), 'Microsoft.Network/publicIPAddresses', parameters('publicIpName'))]"
  },
  "resources": [
    {
      "type": "Microsoft.Network/virtualNetworks",
      "apiVersion": "2022-07-01",
      "name": "[variables('virtualNetworkName')]",
      "location": "[parameters('location')]",
      "tags": "[variables('tagsForAll')]",
      "properties": {
        "addressSpace": {
          "addressPrefixes": "[variables('addressPrefix')]"
        },
        "subnets": [
          {
            "name": "[parameters('subnetName')]",
            "properties": {
              "addressPrefix": "[variables('subnetPrefix')]"
            }
          }
        ]
      },
      "condition": "[or(equals(variables('newOrExistingVirtualNetwork'),'New'),equals(variables('newOrExistingVirtualNetwork'),'new'))]"
    },
    {
      "name": "[variables('networkSecurityGroupName')]",
      "type": "Microsoft.Network/networkSecurityGroups",
      "apiVersion": "2022-07-01",
      "location": "[parameters('location')]",
      "tags": "[variables('tagsForAll')]",
      "properties": {
        "securityRules": [
          {
            "name": "default-allow-ssh",
            "properties": {
              "priority": 1000,
              "sourceAddressPrefix": "[parameters('clientIPAddresses')]",
              "protocol": "Tcp",
              "destinationPortRange": "22",
              "access": "Allow",
              "direction": "Inbound",
              "sourcePortRange": "*",
              "destinationAddressPrefix": "*"
            }
          },
          {
            "name": "default-allow-rdp",
            "properties": {
              "priority": 1001,
              "sourceAddressPrefix": "[parameters('clientIPAddresses')]",
              "protocol": "Tcp",
              "destinationPortRange": "3389",
              "access": "Allow",
              "direction": "Inbound",
              "sourcePortRange": "*",
              "destinationAddressPrefix": "*"
            }
          },
          {
            "name": "allow-nice-dcv",
            "properties": {
              "priority": 1002,
              "sourceAddressPrefix": "[parameters('clientIPAddresses')]",
              "protocol": "Tcp",
              "destinationPortRange": "8443",
              "access": "Allow",
              "direction": "Inbound",
              "sourcePortRange": "*",
              "destinationAddressPrefix": "*"
            }
          }
        ]
      }
    },
    {
      "name": "[variables('publicIp')]",
      "type": "Microsoft.Network/publicIPAddresses",
      "apiVersion": "2022-07-01",
      "location": "[parameters('location')]",
      "tags": "[variables('tagsForAll')]",
      "properties": {
        "publicIPAllocationMethod": "[parameters('publicIpAllocationMethod')]",
        "dnsSettings": {
          "domainNameLabel": "[parameters('publicIpDns')]"
        },
        "idleTimeoutInMinutes": 20
      },
      "condition": "[equals(parameters('publicIpNewOrExisting'), 'new')]",
      "sku": {
        "name": "[parameters('publicIpSku')]"
      }
    },
    {
      "name": "[variables('nicName')]",
      "type": "Microsoft.Network/networkInterfaces",
      "apiVersion": "2022-07-01",
      "location": "[parameters('location')]",
      "tags": "[variables('tagsForAll')]",
      "dependsOn": [
        "[resourceId('Microsoft.Network/publicIPAddresses/', variables('publicIp'))]",
        "[parameters('publicIpName')]",
        "[parameters('virtualNetworkName')]"
      ],
      "properties": {
        "ipConfigurations": [
          {
            "name": "nic1IpConfig",
            "properties": {
              "subnet": {
                "id": "[resourceId(parameters('virtualNetworkResourceGroupName'), 'Microsoft.Network/virtualNetworks/subnets/', variables('virtualNetworkName'), variables('subnetName'))]"
              },
              "privateIPAllocationMethod": "Dynamic",
              "publicIPAddress": {
                "id": "[if(not(equals(parameters('publicIpNewOrExisting'), 'none')), variables('publicIPAddressId') , json('null'))]"
              }
            }
          }
        ],
        "networkSecurityGroup": {
          "id": "[resourceId('Microsoft.Network/networkSecurityGroups', variables('networkSecurityGroupName'))]"
        }
      }
    },
    {
      "type": "Microsoft.Compute/virtualMachines",
      "apiVersion": "2022-11-01",
      "location": "[parameters('location')]",
      "tags": "[variables('tagsForAll')]",
      "name": "[variables('vmName')]",
      "plan": {
        "name": "[variables('sku')]",
        "publisher": "[variables('publisher')]",
        "product": "[variables('offer')]"
      },
      "dependsOn": [
        "[resourceId('Microsoft.Network/networkInterfaces/', variables('nicName'))]"
      ],
      "properties": {
        "hardwareProfile": {
          "VmSize": "[parameters('vmSize')]"
        },
        "storageProfile": {
          "imageReference": {
            "publisher": "[variables('publisher')]",
            "offer": "[variables('offer')]",
            "sku": "[variables('sku')]",
            "version": "[variables('version')]"
          },
          "osDisk": {
            "createOption": "FromImage",
            "managedDisk": {
              "storageAccountType": "Standard_LRS"
            }
          }
        },
        "osProfile": {
          "computerName": "[variables('hostName')]",
          "adminUsername": "[variables('AdminUsername')]",
          "adminPassword": "[parameters('adminPassword')]",
          "linuxConfiguration": {
            "disablePasswordAuthentication": false
          }
        },
        "networkProfile": {
          "networkInterfaces": [
            {
              "id": "[resourceId('Microsoft.Network/networkInterfaces/', variables('nicName'))]"
            }
          ]
        },
        "diagnosticsProfile": {
          "bootDiagnostics": {
            "enabled": false
          }
        }
      },
      "resources": [
        {
          "name": "startup",
          "type": "extensions",
          "location": "[parameters('location')]",
          "apiVersion": "2022-11-01",
          "dependsOn": [
            "[resourceId('Microsoft.Compute/virtualMachines/', variables('vmName'))]"
          ],
          "tags": {
            "displayName": "startup"
          },
          "properties": {
            "publisher": "Microsoft.Azure.Extensions",
            "type": "CustomScript",
            "typeHandlerVersion": "2.1",
            "autoUpgradeMinorVersion": true,
            "settings": {
              "skipDos2Unix": false
            },
            "protectedSettings": {
              "script": "[base64(join(variables('userDataScript'), '\n'))]"
            }
          }
        }
      ]
    },
    {
      "type": "Microsoft.Resources/deployments",
      "name": "pid-cac3e06f-bd25-4b54-bb42-85f14829ea44-partnercenter",
      "apiVersion": "2022-09-01",
      "properties": {
        "mode": "Incremental",
        "template": {
          "$schema": "https://schema.management.azure.com/schemas/2019-04-01/deploymentTemplate.json#",
          "contentVersion": "1.0.0.0",
          "resources": []
        }
      }
    },
    {
      "name": "[variables('functionAppName')]",
      "type": "Microsoft.Web/sites",
      "apiVersion": "2022-03-01",
      "location": "[parameters('location')]",
      "kind": "functionapp",
      "identity": {
        "type": "SystemAssigned"
      },
      "dependsOn": [
        "[resourceId('Microsoft.Storage/storageAccounts', variables('storageAccountName'))]",
        "[resourceId('Microsoft.Insights/components',variables('appinsightsName'))]"
      ],
      "properties": {
        "siteConfig": {
          "appSettings": [
            {
              "name": "FUNCTIONS_WORKER_RUNTIME",
              "value": "[variables('runtimeStack')]"
            },
            {
              "name": "APPINSIGHTS_INSTRUMENTATIONKEY",
              "value": "[reference(resourceId('microsoft.insights/components/', variables('appinsightsName')), '2020-02-02').InstrumentationKey]"
            },
            {
              "name": "AzureWebJobsStorage",
              "value": "[concat('DefaultEndpointsProtocol=https;AccountName=',variables('storageAccountName'),';AccountKey=',listKeys(resourceId('Microsoft.Storage/storageAccounts', variables('storageAccountName')), '2022-09-01').keys[0].value)]"
            },
            {
              "name": "FUNCTIONS_EXTENSION_VERSION",
              "value": "~4"
            },
            {
              "name": "WEBSITE_CONTENTAZUREFILECONNECTIONSTRING",
              "value": "[concat('DefaultEndpointsProtocol=https;AccountName=', variables('storageAccountName'), ';AccountKey=', listKeys(resourceId('Microsoft.Storage/storageAccounts', variables('storageAccountName')),'2022-09-01').keys[0].value)]"
            },
            {
              "name": "RESOURCE_GROUP_NAME",
              "value": "[resourceGroup().name]"
            },
            {
              "name": "HOURS_BEFORE_SHUTDOWN",
              "value": "[parameters('autoShutdown')]"
            }
          ]
        }
      },
      "resources": [
        {
          "apiVersion": "2022-03-01",
          "name": "MSDeploy",
          "type": "Extensions",
          "dependsOn": [
            "[resourceId('Microsoft.Web/Sites/', variables('functionAppName'))]"
          ],
          "properties": {
            "packageUri": "[variables('zipUrl')]"
          },
          "condition": "[not(equals(variables('zipUrl'), ''))]"
        }
      ]
    },
    {
      "type": "Microsoft.Authorization/roleDefinitions",
      "apiVersion": "2022-04-01",
      "name": "[variables('roleDefinitionId')]",
      "properties": {
        "roleName": "[variables('roleName')]",
        "description": "Lets the function app read information about the VM, update tags and deallocate it",
        "assignableScopes": [
          "[resourceGroup().id]"
        ],
        "permissions": [
          {
            "actions": [
              "Microsoft.DevTestLab/schedules/read",
              "Microsoft.Resources/subscriptions/resourceGroups/read",
              "Microsoft.Compute/virtualMachines/read",
              "Microsoft.Compute/virtualMachines/write",
              "Microsoft.Compute/virtualMachines/deallocate/action",
              "Microsoft.Compute/virtualMachines/instanceView/read"
            ]
          }
        ]
      }
    },
    {
      "type": "Microsoft.Authorization/roleAssignments",
      "apiVersion": "2022-04-01",
      "name": "[guid(resourceGroup().id)]",
      "dependsOn": [
        "[resourceId('Microsoft.Web/sites/', variables('functionAppName'))]",
        "[resourceId('Microsoft.Authorization/roleDefinitions', variables('roleDefinitionId'))]"
      ],
      "properties": {
        "roleDefinitionId": "[resourceId('Microsoft.Authorization/roleDefinitions', variables('roleDefinitionId'))]",
        "principalType": "ServicePrincipal",
        "principalId": "[reference(resourceId('Microsoft.Web/sites/', variables('functionAppName')), '2022-03-01', 'Full').identity.principalId]",
        "scope": "[resourceGroup().id]"
      }
    },
    {
      "type": "Microsoft.Storage/storageAccounts",
      "apiVersion": "2022-09-01",
      "name": "[variables('storageAccountName')]",
      "kind": "StorageV2",
      "location": "[parameters('location')]",
      "sku": {
        "name": "Standard_LRS"
      }
    },
    {
      "name": "[variables('appInsightsWorkspace')]",
      "apiVersion": "2022-10-01",
      "type": "Microsoft.OperationalInsights/workspaces",
      "location": "[parameters('location')]"
    },
    {
      "name": "[variables('appinsightsName')]",
      "apiVersion": "2020-02-02",
      "type": "Microsoft.Insights/components",
      "location": "[parameters('location')]",
      "dependsOn": [
        "[variables('appInsightsWorkspace')]"
      ],
      "properties": {
        "WorkspaceResourceId": "[resourceId('Microsoft.OperationalInsights/workspaces',variables('appInsightsWorkspace'))]"
      }
    }
  ],
  "outputs": {
    "NICE DCV Connection": {
      "type": "String",
      "condition": "[equals(parameters('accessProtocol'), 'NICE DCV')]",
      "value": "[concat('https://',reference(resourceId('Microsoft.Network/publicIPAddresses', variables('publicIP'))).dnsSettings.fqdn,':8443/#console')]"
    },
    "RDP Connection": {
      "type": "String",
      "value": "[reference(resourceId('Microsoft.Network/publicIPAddresses', variables('publicIP'))).dnsSettings.fqdn]"
    }
  }
}