{
    "$schema": "https://schema.management.azure.com/schemas/0.1.2-preview/CreateUIDefinition.MultiVm.json#",
    "handler": "Microsoft.Azure.CreateUIDef",
    "version": "0.1.2-preview",
    "parameters": {
        "basics": [
            {
                "name": "text1",
                "type": "Microsoft.Common.TextBlock",
                "visible": true,
                "options": {
                    "text": "Need help?",
                    "link": {
                        "label": " Click here for instructions",
                        "uri": "https://www.mathworks.com/help/matlab/matlab_env/run-matlab-from-azure-marketplace.html"
                    }
                }
            }
        ],
        "steps": [
            {
                "name": "VirtualMachineConfig",
                "label": "Virtual Machine Settings",
                "subLabel": {
                    "preValidation": "Configure virtual machine resources and settings",
                    "postValidation": "Done"
                },
                "bladeTitle": "Virtual Machine Settings",
                "elements": [
                    {
                        "name": "vmName",
                        "type": "Microsoft.Common.TextBox",
                        "label": "Virtual Machine name",
                        "toolTip": "Name of the Virtual Machine resource that will be created in the selected resource group.",
                        "defaultValue": "matlab-desktop",
                        "constraints": {
                            "required": true,
                            "regex": "^[a-z0-9A-Z-]{3,79}$",
                            "validationMessage": "VM Name must be between 3 and 79 characters long, and can only contain letters, numbers, and hyphens."
                        }
                    },
                    {
                        "name": "vmSize",
                        "type": "Microsoft.Compute.SizeSelector",
                        "label": "Virtual machine size",
                        "toolTip": "Choose the virtual machine size to provision. The default size is suitable for running MATLAB. Larger sizes can increase costs.",
                        "recommendedSizes": [
                            "Standard_D3_v2"
                        ],
                        "osPlatform": "Linux",
                        "count": "1"
                    },
                    {
                        "name": "adminPassword",
                        "type": "Microsoft.Common.PasswordBox",
                        "label": {
                            "password": "Password",
                            "confirmPassword": "Confirm password"
                        },
                        "toolTip": "Choose the password for the user \"ubuntu\" for the instance.",
                        "constraints": {
                            "required": true,
                            "regex": "^((?=.*[0-9])(?=.*[a-z])(?=.*[A-Z])|(?=.*[0-9])(?=.*[a-z])(?=.*[!@#$%^&*])|(?=.*[0-9])(?=.*[A-Z])(?=.*[!@#$%^&*])|(?=.*[a-z])(?=.*[A-Z])(?=.*[!@#$%^&*])).{6,72}$",
                            "validationMessage": "Password must be at least 6 characters long and have 3 out of the following: one number, one lower case, one upper case, or one special character"
                        },
                        "options": {
                            "hideConfirmation": false
                        },
                        "visible": true
                    },
                    {
                        "name": "clientIPAddresses",
                        "type": "Microsoft.Common.TextBox",
                        "label": "IP addresses",
                        "toolTip": "Client CIDR defining the range of IP addresses permitted to connect to the virtual machine. For example: 192.168.100.14/24",
                        "defaultValue": "",
                        "constraints": {
                            "required": true,
                            "regex": "^([0-9]{1,3}\\.){3}[0-9]{1,3}(\/([0-9]|[1-2][0-9]|3[0-2]))?$",
                            "validationMessage": "Address must use valid CIDR notation. For example: 192.168.100.14/24"
                        }
                    },
                    {
                        "name": "licenseServer",
                        "type": "Microsoft.Common.TextBox",
                        "label": "Network License Manager (Optional)",
                        "defaultValue": "",
                        "toolTip": "Port and hostname or IP address of the virtual machine hosting your Network License Manager.  For example: 27001@10.0.0.1.",
                        "constraints": {
                            "required": false,
                            "regex": "^[1-9][0-9]{0,4}@[0-9.a-zA-Z]+$",
                            "validationMessage": "Port number must be followed by a valid ip address."
                        },
                        "visible": true
                    },
                    {
                        "name": "text1",
                        "type": "Microsoft.Common.InfoBox",
                        "visible": true,
                        "options": {
                            "icon": "Info",
                            "text": "Click here for more information about the Network License Manager on mathworks.com.",
                            "uri": "https://www.mathworks.com/help/licensingoncloud/matlab-on-the-cloud.html"
                        }
                    },
                    {
                        "name": "text2",
                        "type": "Microsoft.Common.TextBlock",
                        "visible": true,
                        "options": {
                            "text": "Need help?",
                            "link": {
                                "label": " Click here for instructions",
                                "uri": "https://www.mathworks.com/help/matlab/matlab_env/run-matlab-from-azure-marketplace.html"
                            }
                        }
                    }
                ]
            },
            {
                "name": "networking",
                "label": "Networking",
                "subLabel": {
                    "preValidation": "Configure virtual network resources and settings",
                    "postValidation": "Done"
                },
                "bladeTitle": "Virtual Network",
                "elements": [
                    {
                        "name": "virtualNetwork",
                        "type": "Microsoft.Network.VirtualNetworkCombo",
                        "label": {
                            "virtualNetwork": "Virtual network",
                            "subnets": "Subnets"
                        },
                        "toolTip": {
                            "virtualNetwork": "Name of the Virtual Network resource to use. By default a new resource is created and added to the resource group.",
                            "subnets": "A subnet is a range of IP addresses in your virtual network, which can be used to isolate virtual machines from each other or from the Internet."
                        },
                        "defaultValue": {
                            "name": "vnet01",
                            "addressPrefixSize": "/16"
                        },
                        "constraints": {
                            "minAddressPrefixSize": "/16"
                        },
                        "options": {
                            "hideExisting": false
                        },
                        "subnets": {
                            "subnet1": {
                                "label": "Subnet",
                                "defaultValue": {
                                    "name": "subnet-1",
                                    "addressPrefixSize": "/24"
                                },
                                "constraints": {
                                    "minAddressPrefixSize": "/24",
                                    "minAddressCount": 12,
                                    "requireContiguousAddresses": true
                                }
                            }
                        },
                        "visible": true
                    },
                    {
                        "name": "publicIpAddress",
                        "type": "Microsoft.Network.PublicIpAddressCombo",
                        "label": {
                            "publicIpAddress": "Public IP Address for the VM",
                            "domainNameLabel": "DNS Prefix for the Public IP Address"
                        },
                        "toolTip": {
                            "publicIpAddress": "Name of the Public IP Address resource to use. By default a new resource is created and added to the resource group.",
                            "domainNameLabel": "Globally unique DNS Prefix for the public IP address. You will need to use the full DNS name of the virtual machine to connect to it with Remote Desktop."
                        },
                        "defaultValue": {
                            "publicIpAddressName": "[concat(steps('VirtualMachineConfig').vmName, '-ip')]",
                            "domainNameLabel": "[concat(steps('VirtualMachineConfig').vmName, '-', take(replace(guid(), '-', ''), 10))]"
                        },
                        "options": {
                            "hideExisting": false,
                            "hideNone": false
                        },
                        "constraints": {
                            "required": {
                                "domainNameLabel": true
                            }
                        }
                    },
                    {
                        "name": "text3",
                        "type": "Microsoft.Common.TextBlock",
                        "visible": true,
                        "options": {
                            "text": "Need help?",
                            "link": {
                                "label": " Click here for instructions",
                                "uri": "https://www.mathworks.com/help/matlab/matlab_env/run-matlab-from-azure-marketplace.html"
                            }
                        }
                    }
                ]
            }
        ],
        "outputs": {
            "location": "[location()]",
            "vmName": "[steps('VirtualMachineConfig').vmName]",
            "adminPassword": "[steps('VirtualMachineConfig').adminPassword]",
            "vmSize": "[steps('VirtualMachineConfig').vmSize]",
            "clientIPAddresses": "[steps('VirtualMachineConfig').clientIPAddresses]",
            "virtualNetworkNewOrExisting": "[steps('networking').virtualNetwork.newOrExisting]",
            "virtualNetworkName": "[steps('networking').virtualNetwork.name]",
            "addressPrefixes": "[steps('networking').virtualNetwork.addressPrefixes]",
            "subnetName": "[steps('networking').virtualNetwork.subnets.subnet1.name]",
            "subnetPrefix": "[steps('networking').virtualNetwork.subnets.subnet1.addressPrefix]",
            "virtualNetworkResourceGroupName": "[steps('networking').virtualNetwork.resourceGroup]",
            "publicIpNewOrExisting": "[steps('networking').publicIpAddress.newOrExistingOrNone]",
            "publicIpName": "[steps('networking').publicIpAddress.name]",
            "publicIpDns": "[steps('networking').publicIpAddress.domainNameLabel]",
            "publicIpResourceGroupName": "[steps('networking').publicIpAddress.resourceGroup]",
            "publicIPAllocationMethod": "[steps('networking').publicIpAddress.publicIPAllocationMethod]",
            "publicIpSku": "[steps('networking').publicIpAddress.sku]",
            "licenseServer": "[steps('VirtualMachineConfig').licenseServer]"
        }
    }
}